{"cameraMode":{"drawMode":0,"name":"Shaded","section":"Shading Mode"},"sceneLighting":true,"audioPlay":false,"sceneViewState":{"showFog":false,"showMaterialUpdate":false,"showSkybox":false,"showFlares":false,"showImageEffects":true,"showParticleSystems":true},"in2DMode":false,"pivot":{"x":0.3092365264892578,"y":2004.0487060546875,"z":1.731509804725647},"rotation":{"x":-0.17665572464466096,"y":-0.612995445728302,"z":0.14311206340789796,"w":-0.7566683292388916},"size":7.2974042892456059,"orthographic":false}