{"cameraMode":{"drawMode":0,"name":"Shaded","section":"Shading Mode"},"sceneLighting":true,"audioPlay":false,"sceneViewState":{"showFog":false,"showMaterialUpdate":false,"showSkybox":false,"showFlares":false,"showImageEffects":true,"showParticleSystems":true},"in2DMode":false,"pivot":{"x":-12.14999771118164,"y":-1.4192783832550049,"z":-9.89876937866211},"rotation":{"x":-0.07282090187072754,"y":-0.923164963722229,"z":0.21835723519325257,"w":-0.307866632938385},"size":14.480854988098145,"orthographic":false}