{"cameraMode":{"drawMode":0,"name":"Shaded","section":"Shading Mode"},"sceneLighting":true,"audioPlay":false,"sceneViewState":{"showFog":false,"showMaterialUpdate":false,"showSkybox":false,"showFlares":false,"showImageEffects":true,"showParticleSystems":true},"in2DMode":false,"pivot":{"x":-312.45001220703127,"y":-1992.51953125,"z":-199.6824188232422},"rotation":{"x":-0.07282090187072754,"y":-0.923164963722229,"z":0.21835723519325257,"w":-0.307866632938385},"size":15.1300630569458,"orthographic":false}