{"cameraMode":{"drawMode":0,"name":"Shaded","section":"Shading Mode"},"sceneLighting":true,"audioPlay":false,"sceneViewState":{"showFog":false,"showMaterialUpdate":false,"showSkybox":false,"showFlares":false,"showImageEffects":true,"showParticleSystems":true},"in2DMode":false,"pivot":{"x":6.46674919128418,"y":2030.51025390625,"z":196.317138671875},"rotation":{"x":-0.07282090187072754,"y":-0.923164963722229,"z":0.21835723519325257,"w":-0.307866632938385},"size":15.422621726989746,"orthographic":false}