{"cameraMode":{"drawMode":0,"name":"Shaded","section":"Shading Mode"},"sceneLighting":true,"audioPlay":false,"sceneViewState":{"showFog":false,"showMaterialUpdate":false,"showSkybox":false,"showFlares":false,"showImageEffects":true,"showParticleSystems":true},"in2DMode":false,"pivot":{"x":-0.4500846862792969,"y":2031.1474609375,"z":-20.973499298095704},"rotation":{"x":-0.07282090187072754,"y":-0.923164963722229,"z":0.21835723519325257,"w":-0.307866632938385},"size":23.33452796936035,"orthographic":false}